{
  "train_losses": [
    0.8926877590517203,
    0.8320284088452657
  ],
  "val_losses": [
    0.8716345578432083,
    0.8603160331646601
  ],
  "train_accuracies": [
    41.31578947368421,
    39.73684210526316
  ],
  "val_accuracies": [
    39.15343915343915,
    37.03703703703704
  ],
  "best_epoch": 2,
  "best_val_loss": 0.8603160331646601,
  "best_val_accuracy": 37.03703703703704
}