{
  "train_losses": [
    1.0023348132769268,
    0.8902358276148638
  ],
  "val_losses": [
    0.8338046818971634,
    0.7644922335942587
  ],
  "train_accuracies": [
    46.24505928853755,
    46.24505928853755
  ],
  "val_accuracies": [
    54.21052631578947,
    55.78947368421053
  ],
  "best_epoch": 2,
  "best_val_loss": 0.7644922335942587,
  "best_val_accuracy": 55.78947368421053
}