{
  "train_losses": [
    0.9541882040599982,
    0.9202823701004187
  ],
  "val_losses": [
    0.9801877985397974,
    0.9554431984821955
  ],
  "train_accuracies": [
    28.326745718050066,
    28.985507246376812
  ],
  "val_accuracies": [
    25.263157894736842,
    24.210526315789473
  ],
  "best_epoch": 2,
  "best_val_loss": 0.9554431984821955,
  "best_val_accuracy": 24.210526315789473
}