{
  "train_losses": [
    0.8613622610767683,
    0.8091598451137543
  ],
  "val_losses": [
    0.8095249235630035,
    0.7741355746984482
  ],
  "train_accuracies": [
    46.50856389986825,
    45.059288537549406
  ],
  "val_accuracies": [
    50.0,
    51.05263157894737
  ],
  "best_epoch": 2,
  "best_val_loss": 0.7741355746984482,
  "best_val_accuracy": 51.05263157894737
}