{
  "train_losses": [
    0.6984898572166761,
    0.6669244430959225
  ],
  "val_losses": [
    0.6738671809434891,
    0.6559834480285645
  ],
  "train_accuracies": [
    53.227931488801055,
    58.89328063241107
  ],
  "val_accuracies": [
    53.1578947368421,
    53.68421052631579
  ],
  "best_epoch": 2,
  "best_val_loss": 0.6559834480285645,
  "best_val_accuracy": 53.68421052631579
}